"Y","X1","X2","X3","X4"
1,-0.560475646552213,0,0,-5.11603722189581
1,-0.23017748948328,0,1,2.36937879127631
2,1.55870831414912,0,0,-5.41589171621698
2,0.070508391424576,1,1,12.1922764704307
1,0.129287735160946,1,0,1.74135875106149
3,1.71506498688328,1,1,-6.15268316096478
2,0.460916205989202,1,1,-18.0689296408533
1,-1.26506123460653,0,0,-6.43681105896039
3,-0.686852851893526,0,1,20.4601885213282
1,-0.445661970099958,0,1,-5.60762421131065
3,1.22408179743946,2,1,-8.35999305852858
3,0.359813827057364,1,1,6.52947502777847
3,0.400771450594052,1,1,4.41293124842934
2,0.11068271594512,1,0,7.51629056591275
2,-0.555841134754075,2,0,-2.77975085155337
3,1.78691313680308,0,0,11.2265421625967
3,0.497850478229239,2,1,-11.7260886019801
1,-1.96661715662964,0,0,-0.48876767973659
3,0.701355901563686,1,1,-7.04140337217957
3,-0.472791407727934,0,0,6.80758638017183
3,-1.06782370598685,2,0,1.30006761402136
1,-0.217974914658295,1,1,11.0970808177014
1,-1.02600444830724,2,0,20.5850086898135
1,-0.72889122929114,0,0,1.40655531724984
1,-0.625039267849257,0,1,-5.34616652198382
3,-1.68669331074241,1,1,-8.23516726518704
3,0.837787044494525,1,1,-2.63033982230645
3,0.153373117836515,1,1,-0.696018363603779
1,-1.13813693701195,1,0,19.9180191472057
2,1.25381492106993,1,1,-11.2910954273777
3,0.426464221476814,1,1,-10.9321743652488
1,-0.295071482992271,1,0,-4.07966690317779
2,0.895125661045022,1,0,5.87559463498313
2,0.878133487533042,0,0,8.21111859737407
3,0.821581081637487,0,1,-9.07934699241847
2,0.688640254100091,1,0,1.27038606349588
2,0.553917653537589,1,0,-0.428929778975765
2,-0.0619117105767217,2,0,11.9520647042577
2,-0.305962663739917,2,0,10.8919223650205
3,-0.380471001012383,1,1,-3.12280694434521
3,-0.694706978920513,1,1,0.459937666619196
2,-0.207917278019599,0,0,6.52722613401543
1,-1.26539635156826,1,0,-16.5349263659697
2,2.16895596533851,2,0,-3.10270965480046
3,1.20796199830499,2,0,5.74872884002481
2,-1.12310858320335,2,1,-5.23232154380119
2,-0.402884835299076,2,0,-0.599182013481885
1,-0.466655353623219,0,1,-0.210075354337069
1,0.779965118336318,0,0,-7.23653214316312
2,-0.0833690664718293,1,1,-9.94479836178391
2,0.253318513994755,1,1,-1.99867234998128
1,-0.028546755348703,0,0,-3.47027822807086
1,-0.0428704572913161,2,1,8.34095065661453
1,1.36860228401446,0,0,15.2988221249492
1,-0.225770985659268,2,0,-0.119223793666472
2,1.51647060442954,0,1,3.98671992491547
1,-1.54875280423022,1,0,-0.704153139057291
3,0.584613749636069,2,1,6.01359843881131
3,0.123854243844614,2,1,2.18495462278797
3,0.215941568743973,1,1,2.36595501860209
1,0.379639482759882,0,1,11.12915127616
3,-0.502323453109302,2,0,-9.87421149395455
1,-0.33320738366942,1,1,14.4786401312549
2,-1.01857538310709,2,0,3.49112412179829
1,-1.07179122647558,0,0,1.80822010712195
1,0.303528641404258,0,1,-5.60241851130579
1,0.448209778629426,1,0,-1.63877591582529
2,0.0530042267305041,1,1,3.73684804430444
3,0.922267467879738,2,1,-20.6371425739842
3,2.05008468562714,2,0,-6.01521948838093
2,-0.491031166056535,0,1,5.8599161230581
1,-2.30916887564081,2,1,-2.94481786351775
1,1.00573852446226,1,0,-8.00527545484263
2,-0.709200762582393,1,0,-6.3569453113499
1,-0.688008616467358,1,1,2.35749032414043
3,1.0255713696967,2,1,-16.3483238484751
3,-0.284773007051009,1,1,8.71229240582207
1,-1.22071771225454,1,1,-21.6893467443595
3,0.18130347974915,2,1,-5.03339522315559
1,-0.138891362439045,0,1,-7.87182478973486
2,0.00576418589988693,0,1,-12.4860020954842
3,0.38528040112633,1,0,-10.7790734011295
2,-0.370660031792409,1,1,2.50077353605602
3,0.644376548518833,0,0,-1.1977403121588
2,-0.220486561818751,1,0,-3.0085263245286
2,0.331781963915697,1,0,-23.2076377558186
3,1.09683901314935,1,1,-13.2432071149579
3,0.435181490833803,2,0,-1.31307112462703
3,-0.325931585531227,1,1,-8.7803515301306
2,1.14880761845109,1,0,-7.96768930311008
1,0.993503855962119,0,1,10.495407129977
3,0.54839695950807,1,1,1.75588348517341
1,0.238731735111441,0,0,-10.4384462163877
1,-0.627906076039371,0,0,-4.68696015002214
3,1.36065244853001,1,1,-2.8490348155087
1,-0.600259587147127,1,1,-6.80295181235103
3,2.18733299301658,2,0,-9.64053610494564
1,1.53261062618519,1,0,-0.518040820003942
1,-0.235700359100477,1,0,7.41194719519762
1,-1.02642090030678,0,0,2.26852003567295
1,-0.710406563699301,1,0,-2.00147012715761
1,0.25688370915653,1,1,3.87820244768823
3,-0.246691878462374,1,0,7.93918367051497
2,-0.347542599397733,2,1,-1.40513958248364
1,-0.951618567265016,1,0,4.55805198945874
2,-0.0450277248089203,1,1,-11.4557290708596
1,-0.784904469457076,0,1,-2.49650688168871
1,-1.66794193658814,0,0,-4.20298275494042
3,-0.380226520287762,2,1,1.95664503560041
3,0.918996609060766,2,0,3.57319513842984
1,-0.575346962608392,1,0,-1.23617978997338
2,0.607964322225033,1,0,-7.66214222789801
1,-1.61788270828916,0,1,-9.29714216784719
3,-0.0555619655245394,1,1,2.78520610602079
3,0.519407203943462,1,0,13.5683685227542
1,0.301153362166714,0,1,-7.87135594929695
1,0.105676194148943,2,0,-3.84798672297195
1,-0.640706008305376,0,1,3.30680560251943
1,-0.849704346033582,1,1,-5.5462045006283
2,-1.02412879060491,2,1,1.21572314820453
2,0.117646597100126,2,0,-0.475961169783602
2,-0.947474614184802,1,0,-7.76251590566683
1,-0.490557443700668,1,1,8.31441251138311
1,-0.256092192198247,0,1,8.4630783722297
3,1.84386200523221,2,1,10.241395066572
3,-0.651949901695459,0,1,12.6799658618238
2,0.235386572284857,2,1,-5.06361787922575
1,0.0779608495637108,1,0,-4.64481896508305
3,-0.961856634130129,1,0,2.6121800049174
3,-0.0713080861235987,2,1,6.30080976551625
1,1.44455085842335,0,0,-3.39626156224904
1,0.451504053079215,1,1,-4.23344808400481
3,0.0412329219929399,0,1,-6.18271527554652
1,-0.422496832339625,0,0,14.8220189072674
2,-2.05324722154052,1,1,-25.0816635204148
3,1.13133721341418,1,0,-1.6757803378388
2,-1.46064007092482,1,0,0.382128770535341
3,0.739947510877334,2,0,-10.5960960299357
3,1.90910356921748,2,1,3.85425894820638
2,-1.4438931609718,1,1,-19.6708768381011
2,0.701784335374711,1,1,9.54968861111918
1,-0.262197489402468,0,0,-16.633605848706
2,-1.57214415914549,1,0,-22.0273488009703
1,-1.51466765378175,0,0,-7.63563825792029
1,-1.60153617357459,0,0,1.62080393912321
1,-0.530906522170303,0,0,-6.51567164764164
2,-1.4617555849959,1,0,-5.59286995277619
1,0.687916772975828,1,1,3.33204975057779
3,2.10010894052567,1,0,-10.5890092148845
2,-1.28703047603518,1,1,-0.858495457604726
3,0.787738847475178,1,1,4.97932992929394
3,0.76904224100091,2,1,16.3398965670861
2,0.332202578950118,1,1,4.79451881240197
2,-1.00837660827701,0,0,17.1476299216676
2,-0.119452606630659,1,1,4.53160033529716
3,-0.280395335170247,1,0,-0.0324112682536025
2,0.56298953322048,1,0,-22.5653485624939
1,-0.372438756103829,2,0,-12.2465855193064
2,0.976973386685621,0,0,-3.18962623738223
1,-0.374580857767014,1,1,7.12270455853782
3,1.05271146557933,2,0,-3.2251357317817
2,-1.04917700666607,0,0,5.43648621254837
2,-1.26015524475811,1,1,-10.6381135183874
3,3.2410399349424,1,0,-2.74129717350557
2,-0.416857588160432,1,0,2.1700603247715
3,0.298227591540715,2,1,-3.59385718165611
3,0.636569674033849,0,1,1.1283169498315
2,-0.483780625708744,2,1,-6.70748026053258
2,0.516862044313609,1,0,3.74345223259504
1,0.368964527385086,1,0,-0.810548925112574
3,-0.215380507641693,0,1,-0.470493466531285
2,0.0652930335253153,1,0,-19.4878708644615
1,-0.034067253738464,0,0,-6.73668581278741
3,2.12845189901618,1,1,-14.8964408489825
2,-0.741336096272828,2,0,-16.057180576203
1,-1.09599626707466,0,0,-4.93883100845236
1,0.0377883991710788,1,1,-1.60798367745603
2,0.310480749443137,2,0,2.83600225800619
2,0.436523478910183,0,1,10.9126265030032
3,-0.458365332711106,2,1,4.44400296922585
1,-1.06332613397119,2,0,10.1207034075848
3,1.26318517608949,1,1,-5.26310287634533
1,-0.349650387953555,0,1,-3.07840173188787
1,-0.865512862653374,1,0,10.8516888442625
1,-0.236279568941097,1,0,0.0120718393810378
3,-0.197175894348552,0,1,-16.8024471568337
2,1.10992028971364,2,0,-8.46555519092125
2,0.0847372921971965,1,0,10.0759205983273
2,0.754053785184521,1,1,-6.1073725767746
3,-0.499292017172261,1,1,3.33444132777122
3,0.214445309581601,1,1,0.142226956806451
1,-0.324685911490835,0,1,-4.96357607349663
1,0.0945835281735714,1,0,-3.50786392406381
3,-0.895363357977542,2,1,3.91720547858095
1,-1.31080153332797,2,1,2.09578828892245
3,1.99721338474797,2,1,12.3467013989917
3,0.600708823672418,1,0,-1.99819784434937
2,-1.25127136162494,1,1,-9.23208042026683
3,-0.611165916680421,1,1,1.65903101579443
1,-1.18548008459731,0,0,7.0533455324418
3,2.19881034888372,2,0,22.8196695572699
3,1.31241297643351,1,1,-4.63683013103734
1,-0.265145056696353,2,1,-3.26353571908267
2,0.54319405923209,0,0,8.82493210397949
2,-0.41433994791886,0,0,12.8128612650446
1,-0.476246894615578,1,0,-6.58681856604976
1,-0.788602837850243,0,0,6.64570454944413
2,-0.594617267459511,1,1,-5.65157514042339
3,1.65090746733669,1,0,-9.62178270242238
3,-0.0540281250854405,1,1,6.23360901900257
2,0.119245236427584,1,0,1.06497772201071
3,0.243687429599092,1,0,3.8933087814222
2,1.23247587848534,0,1,-5.80503496721951
3,-0.51606383094478,0,1,17.9497795592676
2,-0.992507150392037,1,1,6.65288009047707
3,1.67569693240319,0,0,-3.74402425652033
2,-0.441163216905286,0,1,7.02748931010458
2,-0.723065969939874,1,0,-12.1451438389368
2,-1.23627311888329,1,1,-1.37750126949227
2,-1.2847157223178,1,0,14.0335789868052
2,-0.573973479297987,1,1,-1.88839311604344
1,0.617985817166529,1,0,9.10490371995549
2,1.10984813892972,2,1,-2.21922000189912
3,0.707588353835588,0,1,-22.9802640030622
2,-0.363657297095253,2,1,-8.80212545566096
2,0.0597499373846007,0,1,2.2273568903497
1,-0.70459646368007,0,0,14.4655271093401
3,-0.71721816157401,1,1,-5.93402125000833
3,0.88465049897692,2,0,2.75979011382551
1,-1.01559257860354,0,1,-9.64819289479567
3,1.95529396549246,2,0,-10.164562413338
3,-0.0903195939658516,2,0,-7.77316643416822
1,0.214538826629216,1,0,13.6906206733358
2,-0.738527704739573,1,1,9.40310089910901
1,-0.57438868976327,1,1,5.936651573177
3,-1.31701613230524,1,1,11.1546255343648
2,-0.182925388372727,2,1,-4.24424996733506
1,0.418982404924464,0,1,7.59576936893122
2,0.32430434416138,0,1,2.09629277871549
2,-0.781536487054751,2,1,-10.4910092481282
1,-0.788621970854002,1,0,-8.31062222281743
1,-0.502198718342861,1,1,0.500529319191458
3,1.49606066984635,0,1,2.05630061496544
2,-1.13730362066574,2,1,-3.21358418660978
3,-0.179051594380198,2,1,-9.96491243786537
3,1.90236182167893,2,1,-20.9089194048916
1,-0.100974885328808,1,1,4.25235479441099
2,-1.35984070382139,2,1,-2.95271709137097
2,-0.664769435274062,1,0,5.4916088318128
2,0.485459978904878,1,1,-15.4589181325016
3,-0.375602871669773,2,0,-12.5333593531244
3,-0.561876363549783,2,0,-1.11331874671968
2,-0.343917234128459,1,1,-14.128135356317
2,0.0904966471392212,2,0,-19.8295385072071
3,1.59850877114583,1,1,7.83595407833566
1,-0.088565112138884,0,0,9.00869339749533
2,1.08079949615152,1,0,-10.299636420045
2,0.630754115650567,1,1,-2.72057268566593
1,-0.113639895506141,0,1,-11.3397290517125
2,-1.5329020028906,2,1,3.16426916752984
1,-0.52111731755252,1,0,-0.296783010019916
1,-0.489870453138474,2,0,-8.69460450959366
2,0.0471544327615272,1,0,-7.74217543896185
2,1.30019867766682,0,1,-10.620811934282
2,2.29307897383109,1,0,4.36374262192543
3,1.54758105898377,0,1,5.71008847814101
1,-0.133150964328944,0,1,3.76474894415886
1,-1.75652739555764,2,0,-8.42889697415977
1,-0.388779864071743,0,0,-17.8616962823527
2,0.0892072230732945,1,0,5.30875663154472
1,0.845013004067436,0,0,-1.77058947394319
2,0.962527968484271,1,0,-0.393923499714967
2,0.684309429416465,0,1,10.3212798487339
1,-1.39527434979947,0,0,-8.935158344016
3,0.849643045633355,2,1,11.4401532568501
3,-0.446557216427222,2,1,-4.13191495212929
2,0.174802700161256,2,0,-7.13187821756013
1,0.0745511771737346,1,0,-2.05746143817567
2,0.428166764970505,1,1,3.90019728842846
2,0.0246749828261399,0,0,-2.07215645255724
1,-1.66747509758566,1,0,-9.00507220547859
3,0.736495964773442,2,0,-2.81624278790779
2,0.386026568349676,1,0,-25.4193110113798
2,-0.265651625278222,1,1,-5.08511681872445
3,0.118144511046681,1,1,4.55966217539027
1,0.134038645368463,0,0,-1.69259774532087
1,0.221019468561002,1,1,6.88327722261226
2,1.64084616597749,0,0,4.8598243397446
1,-0.219050378933476,1,1,6.45646746355588
1,0.168065383884658,1,0,6.56044945025482
3,1.16838387306909,0,0,-17.3858076137427
2,1.05418102337692,2,0,0.0415968001844305
2,1.14526311038036,0,0,16.3006733460683
2,-0.577468001059557,1,0,-4.80485227044419
3,2.00248273029283,2,0,4.52802442420564
1,0.066700870930183,0,0,1.43393730979936
3,1.86685184470686,1,1,5.57012225188022
2,-1.35090268603071,2,0,-2.72030117170514
2,0.0209835863542375,1,0,-6.48299296516002
3,1.24991457096922,2,1,0.71960844365645
1,-0.715242187222796,1,0,2.07814830703413
2,-0.752688968217742,2,0,-1.85332289683865
1,-0.938538703606894,0,0,0.314406650264462
1,-1.05251327933874,1,1,4.11351933690778
2,-0.437159533180399,1,1,-7.76183890462463
1,0.331179172958982,0,1,11.3967765719806
1,-2.01421049792072,1,1,22.0076027074659
2,0.211980433372292,1,1,14.7720532873484
3,1.23667504641657,2,0,-4.54417850707568
3,2.03757401824044,1,1,-18.2288726903245
2,1.30117599220059,1,0,0.541979571095952
1,0.756774763795962,0,1,8.80273220604069
2,-1.72673039911433,1,0,7.78106697935667
2,-0.601506708006782,1,1,-12.2974677471174
2,-0.352046456582617,1,1,-11.1314851074341
3,0.703523902756894,2,0,1.33744634877637
1,-0.105671334003774,0,1,6.26081345376854
1,-1.25864862806017,1,0,8.72931663855459
3,1.68443570809411,0,0,8.16391978938957
1,0.911391291795963,1,1,-9.67975491966489
3,0.237430272491026,1,1,-13.1260505619999
3,1.21810861032581,1,0,-20.1251977795928
1,-1.33877428723497,1,1,5.04932697727817
3,0.6608202977898,1,0,8.28111565769427
2,-0.522912376313422,1,1,3.35850688825044
2,0.683745521850712,0,1,-10.5912444601131
1,-0.0608219546600742,1,0,15.6771674994935
3,0.632960713031451,0,1,-3.70146624363391
2,1.33551761505939,1,0,17.7903836149569
1,0.00729009031689879,1,1,5.51402005080575
1,1.01755863695209,0,0,11.9031064508552
1,-1.18843403514798,0,0,3.30602226294406
1,-0.721604440436015,1,1,-0.646522280998777
3,1.51921771138818,1,1,-10.1254806837321
3,0.377387973023929,2,1,-5.58514190191359
1,-2.05222282043373,0,0,-0.471078362764253
1,-1.36403745208238,0,1,2.82074067985043
3,-0.200781015589121,2,1,-0.332192123310964
2,0.865779404334488,2,1,-1.77971989093417
3,-0.101883255715222,2,1,1.83485516942061
2,0.624187472020653,1,0,-5.24372042597516
3,0.959005377787825,0,1,-5.3593745633951
2,1.67105482886294,2,1,-14.5570470165602
1,0.0560167332749619,2,0,8.46271470268007
1,-0.051981906180899,0,0,0.46932368001524
1,-1.75323735914227,0,1,-0.836242334273475
3,0.0993275940878275,1,0,-7.40918614774916
2,-0.571850057895563,1,1,-2.47773863902407
1,-0.974009582804091,1,1,-10.867828557013
1,-0.17990623104754,1,0,-10.4929735235275
2,1.01494317274366,2,1,-19.189517717066
2,-1.99274848868858,2,0,9.81698772648436
2,-0.427279287205429,1,1,1.25964082145297
3,0.116637283582706,1,0,-11.1677637555443
2,-0.893207570054953,1,0,11.637866037459
1,0.333902942499225,0,1,6.24591683369118
3,0.411429920615731,0,0,7.42382274584664
2,-0.0330361592759917,0,1,-2.25770566942818
3,-2.46589819376003,0,1,-4.22872006585657
3,2.57145814586664,1,1,-0.980529020064929
3,-0.205299257468199,1,1,4.04690656237582
3,0.65119328158767,1,0,7.99914606641116
2,0.273766491036548,0,1,15.8946914995693
3,1.02467323481835,2,1,-5.09070404137271
3,0.817659446374088,1,0,-10.1556474815148
1,-0.209793171228509,1,0,1.00858665610429
2,0.378167772208507,1,1,30.2210418529039
1,-0.945408831123893,1,0,-4.28615845083704
2,0.856923010899318,1,0,11.4568121778476
2,-0.461038338884354,1,1,-2.43098209585093
3,2.41677335378821,2,1,-4.78543237763877
1,-1.65104889568819,1,1,-7.10417122207556
1,-0.463987242966015,0,0,-2.11244627717603
3,0.825379862759242,1,1,16.4178447087543
1,0.510132546878663,1,0,3.01846720563439
1,-0.589481038515,0,1,4.87329123215285
3,-0.996780742207522,2,0,8.38735792432261
2,0.144475704710697,1,1,20.71741512886
1,-0.0143074131669134,0,1,7.7561884207953
1,-1.79028123726406,2,1,-14.2711135295193
2,0.034551067133851,1,1,-10.3351133546615
2,0.190230315692457,0,0,-15.8945511359183
1,0.174726396981842,2,0,-28.4854676989379
1,-1.05501704260268,1,0,12.9073392779261
3,0.476133278302629,2,0,-4.93723874282408
2,1.37857013695924,0,0,3.94970677706016
3,0.456236403179813,1,1,11.8161785314391
2,-1.13558847037434,2,0,-5.11832694580471
1,-0.435645469691905,0,0,-1.34967648662221
2,0.346103619553607,1,1,3.50256179524455
2,-0.647045631318269,1,1,2.25879221817625
1,-2.15764633501528,0,0,-7.74315249588103
3,0.884250820028209,1,0,7.30815610006591
1,-0.829477611624518,1,0,5.45635528242466
2,-0.573560270768283,2,0,-2.88449295921491
2,1.50390060900454,2,1,-12.22380910859
1,-0.774144929605405,0,1,6.33333595568586
3,0.845731540189296,1,1,14.27519655915
2,-1.26068287881878,1,1,13.8051749338936
3,-0.354542403073978,2,1,8.72634566795338
1,-0.0735560191364783,1,0,-4.83135068652272
1,-1.16865142442436,1,0,-5.31346919490549
1,-0.634748264908909,0,0,-5.87684756585901
3,-0.0288415529283144,2,0,-4.11697868987503
2,0.67069596873393,2,0,7.09185621253385
1,-1.65054654342511,1,0,2.56396753535657
3,-0.349754239211268,0,1,-18.563605863048
1,0.756406438545484,1,0,-18.6058762981445
1,-0.538809159977592,1,1,-0.228340937343522
1,0.227291921672942,1,0,1.49938747281039
3,0.492228570064431,2,0,-23.0747434203529
2,0.267835015331683,1,1,-8.16447225812107
1,0.653257679471382,0,0,0.275611516966839
1,-0.12270866097738,0,1,14.6178591517648
3,-0.41367651359212,2,1,-20.1286872832228
1,-2.64314895202898,0,1,-12.5544427798198
2,-0.092941018479472,1,1,-10.8030684721822
1,0.430284696359987,1,0,1.75396078648851
3,0.53539884086815,1,1,3.30839221414253
2,-0.555278351313252,1,0,-3.20689231300393
3,1.77950290977515,1,0,-16.1232868794999
3,0.286424419628825,2,1,-6.30552416864319
3,0.126315858458886,1,1,-5.60485986655885
2,1.27226677946852,1,1,-2.02581284417019
2,-0.718466221319259,1,0,16.2288518113168
1,-0.450338623924712,1,0,-6.76770530437996
3,2.39745248004976,0,1,0.762644051386911
3,0.011129187220888,2,1,-7.05398341626911
3,1.63356842140831,1,1,-12.4022784904392
1,-1.43850664491452,2,1,6.35947897868601
2,-0.190516802042901,2,0,-10.5062867965275
2,0.378423903636832,1,0,27.3520918962219
3,0.300038545205798,0,0,0.925629378272146
3,-1.00563625951084,1,1,0.602535760786764
2,0.0192592746253708,0,0,-0.665452110108605
2,-1.07742065311198,1,0,18.4364554004006
3,0.712703325244282,0,1,6.63927110403606
2,1.08477508986065,1,1,-2.50990643747969
2,-2.22498769648741,0,1,-11.6618980661084
1,1.23569346230014,2,0,-10.3872776071744
2,-1.24104449680849,1,1,-7.8498930533731
2,0.454769268982633,0,1,12.1494843097831
3,0.659902638142608,0,1,-1.88981575770903
2,-0.199889828101433,0,1,-7.57198622679825
1,-0.645113956859792,0,0,7.92059477880274
3,0.16532102124205,2,0,13.4518001902217
2,0.438818700714454,1,0,-6.94531484071315
3,0.883302819948705,0,0,-4.44932544042374
1,-2.05233698390195,1,1,3.45284186723786
1,-1.63637926805902,1,0,-0.0484443653596692
3,1.43040234118818,2,0,4.06366471484777
2,1.04662884711155,1,0,17.1419852577143
3,0.435288948907682,0,0,-0.603865541209644
3,0.71517840711106,2,0,-2.80702267534243
2,0.917174917641003,2,0,4.85414460894456
1,-2.66092279846568,2,0,-0.49344529739962
2,1.11027709663882,1,0,6.27765061532786
3,-0.484987596562325,1,1,-2.23971151420257
3,0.230616830631202,1,1,4.43522714401107
2,-0.295157800883577,1,0,-15.6374070756789
2,0.871964954078744,0,1,0.139036583033916
2,-0.348472448955611,1,1,-5.16215987283684
3,0.518503765888248,2,0,-11.9054257551753
2,-0.390684978638979,0,0,-4.13069207837028
1,-1.09278720910151,1,1,3.71994945422908
3,1.21001051044026,1,1,0.923429640204638
2,0.740900011274274,0,1,6.93483762521126
2,1.72426223915645,0,0,9.40899243153547
2,0.0651539325793032,1,0,8.28464029727859
1,1.12500274582817,0,0,-3.24489176475348
1,1.97541905401908,0,0,-13.2815619805706
1,-0.281482115038967,0,0,-2.80334969912361
1,-1.32295111275522,1,1,11.6965543651082
3,-0.239351567138116,1,1,-1.21476364908072
1,-0.214041239985383,1,0,-16.3729165104512
2,0.15168050450932,1,1,4.91383222869776
3,1.71230497731928,2,0,2.81819310693371
2,-0.326143892505348,0,0,-4.00603355192185
3,0.373004655804915,2,1,1.73361502856003
3,-0.227684064895531,1,1,13.6938766954533
1,0.0204507085250325,0,0,12.9919609375684
2,0.314057663506262,1,1,-4.56296893545459
2,1.32821469603699,2,0,0.10664861858056
1,0.121318377490778,1,0,-14.5408914493424
3,0.712842320031113,2,0,-7.27753325968744
3,0.778860029783535,0,0,20.0824039746518
1,0.914773270855634,0,1,14.9800968551095
2,-0.574394552184383,1,1,-2.29254725283134
1,1.62688121419468,1,1,-6.92465145302774
3,-0.380956739294013,1,1,-13.666232971684
3,-0.105784167649752,1,0,21.260518537637
3,1.40405026771417,1,0,1.14629724838474
3,1.29408390614558,1,0,-5.93948909367117
2,-1.08999187241124,2,1,10.7806733795125
2,-0.873071000417463,1,0,-10.9958583285891
3,-1.35807905937061,2,1,7.26564197606452
1,0.181847192619832,2,1,14.408703022386
2,0.164840867918466,1,1,-2.10170159621664
3,0.364114687355063,1,1,14.5128094388337
1,0.552157714218558,0,0,6.41551431409249
2,-0.601892845985016,2,0,-6.78807618879959
2,-0.993698591098714,1,0,5.74312736347461
3,1.0267850560749,1,1,-7.04514526288929
2,0.751061302606323,1,0,-5.33984057229936
2,-1.5091665373287,1,0,7.74384606617658
2,-0.0951474508492868,1,1,-4.75621395338803
2,-0.895947822756499,1,0,-0.244273788868501
1,-2.07075107054196,2,0,10.1900809628437
3,0.150120131188143,2,1,-12.0558039559856
2,-0.0792117092585882,1,1,15.9529386747203
3,-0.097369267513081,0,1,20.41955459993
2,0.216152541801233,1,0,6.14481250043309
3,0.882465164396587,0,1,4.21931174136824
1,0.205597504483387,0,0,-4.96421667693228
3,-0.616435842873528,1,1,4.90961412826035
1,-0.734799251921281,1,0,-5.01982169603514
1,-0.131802793041181,1,0,2.88169818251616
2,0.310016986578952,1,0,-6.86626008241128
2,-1.03968035270204,1,1,7.88403786030499
1,-0.184308868842384,1,0,6.91368840963686
2,0.967267260167914,2,0,12.4299900805133
3,-0.108280091234486,1,1,19.8220971242917
2,-0.69842066759439,2,0,-6.46441834619146
1,-0.27594516842554,0,0,9.6618929222735
3,1.11464854536198,1,0,-14.2726744709521
2,0.550043961214136,2,0,-4.57483758648024
3,1.23667580008161,1,0,9.45466684608465
3,0.139097857161771,0,1,-7.38389150369058
2,0.410275096490425,1,1,3.45640699877904
3,-0.558456912348133,2,1,-9.00444693895271
2,0.605370668930333,2,0,-3.7035070411506
2,-0.506333542189239,1,1,-0.407969264500623
3,-1.42056550469574,1,1,-6.12318766406044
3,0.127992965684126,1,1,-19.4585208981637
3,1.94585121773144,2,1,2.43096329527575
3,0.800914339573062,0,0,4.74900095404527
3,1.16525338994626,1,1,1.36714574061142
3,0.358855723093152,2,0,-4.8874772568831
1,-0.608557178316224,2,0,9.00203657260438
1,-0.202240855110284,2,0,10.7753566006142
1,-0.273248106811925,2,0,-23.7367085604992
2,-0.468699779782087,0,1,11.2457483752911
2,0.704167283929716,1,0,-17.7954774715351
3,-1.19736350236541,2,1,-3.44550362435428
2,0.866366132112773,1,1,-11.0917311375928
3,0.864152486225893,2,1,-6.30105782923093
1,-1.19862235906875,1,1,13.1688376872424
3,0.639491997900534,2,1,5.34513388284073
2,2.43022665234451,1,0,4.93898085741881
2,-0.557215481941608,0,1,-20.7799243134481
3,0.844904241408072,1,1,1.96325342741564
1,-0.782201845619403,0,0,6.28803153873898
3,1.1107114182028,1,1,8.60947143393616
3,0.249824719926562,1,1,-9.73247350475229
3,1.65191539162316,2,0,9.37543052030658
2,-1.45897072853692,1,1,-13.9520577829527
1,-0.0512978861253612,1,0,17.3874301887633
1,-0.526925176125598,0,0,-7.98634290243535
1,-0.197264869076299,1,0,7.65024386769347
1,-0.629578742686005,0,0,3.17911345135436
1,-0.833843580535001,1,1,-10.6360051761289
2,0.57872237461645,2,0,11.442586560686
1,-1.08758071407693,1,0,0.333768426273916
2,1.48403093155628,1,1,8.18407774847846
1,-1.18620658531375,1,1,2.18192085822206
2,0.10107915139528,2,1,8.68497252409914
1,0.532989286826481,0,0,0.216805208980772
3,0.586735339092625,1,1,11.1522864969301
1,-0.30174666386638,0,1,-3.52180864911126
3,0.079501995328401,2,1,5.27288318248801
3,0.961264151809677,1,1,3.78571522243943
2,-1.45646591707643,1,1,8.43859777098379
3,-0.781739711532082,1,1,-6.21042494956867
3,0.32040231431661,1,1,1.77691497867866
3,-0.444781978336992,0,1,-5.80165079131849
2,1.370003993971,0,1,9.08637825733444
2,0.673253863354836,0,0,-6.36686379475083
2,0.0721667524147558,0,0,17.3223869637675
1,-1.50775731753668,1,1,7.90371602039116
3,0.0261002253262418,2,0,-0.137079788538398
1,-0.316415868196993,1,1,12.0619647520582
1,-0.102346513520598,0,0,-0.845909401382518
1,-1.18155922705569,2,0,5.63262281636034
2,0.498658043829925,0,1,5.28194400015101
1,-1.03895644030703,1,1,4.23038432410325
1,-0.22622198144241,1,0,-5.96764229709111
3,0.381425829451352,2,0,-12.508442776012
2,-0.783515789013048,2,1,-16.8160070977383
3,0.582991405680064,1,1,-4.56296359001271
1,-1.31651040165169,1,0,6.82793192202467
2,-2.80977467896054,1,1,-2.3903748350282
3,0.464967990785852,2,1,-12.0335093346794
3,0.840539826961,1,1,21.5647760195008
1,-0.285845423591384,0,0,7.02009423048609
1,0.504126254591608,0,0,19.4661810026563
2,-1.15591652508367,2,1,12.1303635372129
3,-0.127148606825662,1,1,-6.11379118364512
1,-1.94151837604062,2,1,-4.11921203246786
3,1.18118089143852,2,0,-14.4068097826971
3,1.85991086154316,1,1,7.4047345310968
1,1.07401226028199,0,0,16.2365925222734
3,-0.0273469664137418,1,1,-9.20484878072598
3,-0.0333303422759193,1,0,-12.0219764681918
1,-1.5160676231511,2,0,8.82678068364482
2,0.790385343888228,0,0,-15.1647903560073
3,-0.210734180691776,0,1,19.2161155776854
2,-0.656742925361075,1,1,5.72135777806248
2,-1.41202579265831,0,1,-17.1489505383856
1,-0.299762496646272,1,1,3.54918895732423
2,-0.849061135016708,1,0,1.05181865810994
2,-0.397030520327837,1,1,-24.6841353318467
1,-1.2175999877636,1,1,-0.418580303239525
3,1.6875894829457,0,1,-5.87260767867037
2,-0.0160025272079689,1,0,-8.87296992757254
3,1.07494507727239,1,0,2.38716819750682
1,-2.60169967025765,1,0,8.50890302293807
2,-0.453197829994837,0,1,17.2700883321405
3,-0.675482291592071,1,1,-26.3250764609541
2,-1.22292617936591,1,0,7.43611327809965
3,1.54660915422409,2,1,-9.52351111335292
2,-1.41528191976949,2,1,11.5633016538051
3,0.318390260408025,0,1,3.45861674157838
2,0.846436285579692,1,0,14.4495717206043
1,0.178190188418023,1,0,-14.8276130575666
2,-0.875255477495516,2,1,4.9463129762884
3,0.941165806724167,1,1,2.95159338034633
2,0.170588081840838,0,0,10.4786224591943
1,-1.06349790638204,0,0,-2.31168508634999
1,-1.38804904760206,1,0,11.4401684592874
2,2.08671743449315,0,0,-4.44960875475881
2,-0.678503145418437,1,0,-4.29237403893111
1,-1.85557165391804,1,0,0.253793014557843
1,0.533259362753652,0,0,-10.6925217238229
2,0.310230256060895,1,1,-4.56571640834288
1,-1.3538343357226,0,1,11.1000382848242
1,-1.94295641358195,0,0,16.5182870430573
3,-0.116302517158606,2,1,11.1425467962836
3,1.13939629170942,1,0,-4.24865175188582
3,0.636124035182149,1,1,3.18479885539619
2,-0.492937424161977,1,1,0.98489648944743
1,-0.834188231584378,1,0,-12.590274729358
3,0.271066756750545,2,0,2.57408211140715
1,0.157353347216158,0,1,-8.24293327671809
1,0.629711746692728,0,0,-10.6062421894714
1,-0.395797950288896,2,1,7.25505461365908
3,0.899354053203099,2,1,-7.07931887106341
2,-0.830811527336248,2,0,-1.44048750509615
2,-0.330544700119963,1,0,-9.73715576881434
2,0.740814523725905,1,1,0.559444258531401
3,0.989971608627113,0,1,4.92346553150489
2,-1.93850470145338,2,1,5.02545254666909
3,0.107190407016153,2,0,-10.7525797722939
3,0.60877901173463,2,0,12.5804225002658
1,-1.45082431349063,0,1,14.9297171304439
2,0.480625599875217,0,1,3.72910426410749
3,-0.828174270396797,1,1,1.57479547884347
3,1.02025301216443,1,0,0.773429033210805
3,0.538482032102641,1,1,2.57545945939747
2,0.769052294995609,0,1,3.76423588722638
3,0.120719329287034,1,1,1.36823618948169
3,0.863648434157753,0,1,6.53823170914733
3,1.38051452831454,1,1,-3.35768542377534
2,1.96624801545563,1,0,11.2934492850217
2,-0.028395054749065,0,1,-0.376828117706237
1,-2.2490510903324,1,0,-17.5569401653616
1,0.0315260045939917,1,0,-0.997203693834034
3,0.205561208449975,1,0,4.47020452653874
1,-0.155345347144399,1,0,12.300316728337
3,0.568288620777075,1,0,0.602104326151076
1,1.01067796451426,0,1,-19.40069201671
1,-0.517982430167822,0,1,0.0483176592536138
1,-0.29409532715611,0,0,-11.9921192196747
3,0.397842208800339,2,0,-9.76105703649749
1,-0.550223741489138,0,1,-10.2562705123497
1,0.0912673834882354,0,1,-7.99226924512563
1,-1.9617075988853,0,1,11.3712909055669
2,-1.11989972139762,1,1,-8.31528899543843
3,-1.32775547560413,2,1,-4.39062773952966
1,-0.853623696727242,1,0,1.84173461400253
1,-0.693304527930666,1,0,8.9037962557919
2,0.38230514254637,1,1,-6.66705010074985
2,0.982113002522641,1,1,-8.26223863869995
3,-0.727383529087535,2,0,-5.18615722213841
2,-0.996838982378005,2,1,-11.7171869923338
2,-1.04168885898951,1,0,9.20033349469812
2,-0.414588726363674,1,0,-21.8195813409894
2,-0.239029068152564,0,1,-5.276920773549
3,0.483617533838269,2,1,-14.4114002209388
2,-0.32132484216839,0,1,-19.5678478418978
1,-2.07848926886002,2,0,0.286581970792618
1,-0.0914342755501383,0,0,15.3823566132278
2,1.18718681065156,1,0,16.3464035479982
2,1.19160126851033,0,0,-5.62776208352765
2,-0.78896321811123,1,0,-6.96955708518244
1,-1.54777654363757,1,0,-5.38226303471587
3,2.45806049186527,2,0,7.10110231783851
2,-0.162421942479419,0,1,-25.6169696298002
3,-0.0974512501056172,2,1,2.4770047442229
3,0.420574188698147,1,0,-4.05540381007554
3,-1.61403945661912,2,0,-7.43938496851104
2,-0.728219111191288,1,0,-20.0612003132012
3,-1.54044240529001,1,0,-2.05826417782953
2,-0.693094614010595,0,1,-16.4905677245587
1,0.118849433004561,1,0,-0.153078731923365
1,-1.36470945798691,0,1,-8.94901677513419
3,0.589982679367313,2,1,0.463197241835662
2,0.289344028817336,2,0,4.61004079383783
3,-0.904215025620639,2,0,-5.03738767197944
2,0.226324942381064,2,1,-10.22398456216
2,0.748081162493843,1,0,-6.1174222903031
2,1.06109525326174,2,0,-6.67393503214493
2,-0.212848278646528,1,0,-14.9327582905547
1,-0.0936367939110456,1,1,-7.80618213906196
3,-0.0867141349819251,1,1,-1.93405134857153
2,1.44146175605504,0,1,-2.20833309799399
3,1.12507189227799,2,0,3.29541739887292
2,0.834401567757039,0,1,12.9187572312354
2,-0.287340799840693,1,1,3.33671031663867
2,0.373241434166406,1,0,14.7578697474206
3,0.403290331220696,1,1,-6.47925964720306
1,-1.04167329428932,2,1,13.5066841000033
1,-1.72830451532074,0,0,5.93408907817607
2,0.641830027651616,1,0,-11.9170888523403
3,-1.52931053118042,2,1,4.02171012485224
3,0.00168368848420991,2,0,-12.3769284056948
3,0.250247821348331,2,1,9.47230675691712
3,0.563867390305883,2,0,-5.39746145027583
3,0.189426237514811,0,0,-2.36110187036619
1,-0.732853806297125,0,0,-6.79536488943232
1,0.986365859895462,0,0,-8.52178292364297
3,1.73863376690625,1,1,17.0213970919678
3,0.881178808925443,2,1,9.91804522902772
1,-1.94365090132398,2,0,6.75213077027448
1,1.39957618540294,1,0,0.736199590039371
3,-0.056055946186268,2,0,7.36333814551808
3,0.52491427931929,1,1,6.61712776915951
3,0.62203323587106,1,1,16.0352059838129
2,-0.0966860732067051,2,0,8.5003977821244
2,-0.0752631976487263,1,1,-2.06189006457514
2,1.0191570693309,2,0,-2.14892943259896
3,0.711601922486244,1,1,-4.68072564336127
1,0.990262246044231,0,0,-3.63738560815834
3,2.38292669523033,0,1,-2.36683939495527
1,0.664415863694087,0,0,12.2288074959827
3,0.207381157385307,2,1,-23.2835963269809
1,-2.21063311057562,2,1,-7.01845828410341
3,2.69171400324612,0,0,-1.32880719366657
1,-0.482676821796308,0,0,-12.832584037532
2,2.37473471509539,0,1,16.1910061010553
1,0.374643568004988,1,0,-2.33948301011858
3,1.53843019889679,1,1,-11.1691813121359
1,-0.109710321176239,0,0,-8.91613786810676
2,0.511470754698125,0,1,8.7239516251344
2,0.213957979642262,1,0,18.6900934050409
2,-0.186120699373496,1,0,-1.24268503812241
1,-0.120393824622494,1,1,1.07028807376313
3,1.01283433584425,0,1,-9.48535060055104
1,-0.2014581469715,2,0,13.1664471072918
2,-2.0376824944408,1,1,7.22656926345969
1,-0.195889248829828,1,0,-23.2925346285753
3,0.539790605536274,1,0,-6.45232545817526
1,0.61645571635144,1,1,-2.34117494341529
1,0.616567817477434,1,0,-11.0816067338053
1,-1.69210152086908,1,1,-2.73224175602157
3,0.368742058011194,1,1,-11.3344115426419
3,0.967859209947064,1,1,3.59307953730572
2,1.27657868146766,1,0,3.35644763865137
2,-0.224961271044116,1,1,8.10984353139381
2,-0.321892586182801,1,1,4.16456135933571
2,1.48783783187804,1,0,15.9411403885386
2,-1.66792804577932,0,1,-3.86137877288101
3,-0.436829976913125,1,1,-21.5330336743643
3,0.457462079357455,1,1,0.25659213079887
1,-1.61777376538123,1,0,6.49848845025497
2,0.279627862431757,1,0,-4.01235599512803
3,1.87786402105219,2,1,14.0087647763291
3,-0.00406065343634058,2,1,10.9476867868607
1,-0.278454024963586,0,0,5.37493298921215
2,0.474911714034054,0,0,0.697747577746106
3,-0.279072170787307,1,1,-5.51500633193785
1,0.813400374079065,1,0,-1.76943367781943
3,0.904435464449695,1,0,4.69177847669925
1,0.00269166123012091,0,1,9.6779678824769
2,-1.17669215774973,2,0,-2.96114656814332
3,-1.31822072745909,2,1,-7.28253258423636
1,-0.592997365655317,1,0,24.756058618661
3,0.797380500549836,2,0,5.185571703497
1,-1.95820517465693,0,0,-9.03603205337453
1,-1.88632515873255,2,1,9.30979056343251
2,-0.653779824760103,2,1,0.61686497897853
1,0.394394847980585,0,0,8.26789248521633
1,-0.913566048164992,1,0,0.517969525608289
1,0.886749037096059,1,0,-0.584290512452095
3,0.333369970155182,1,1,0.906116207122605
3,-0.17063961823861,2,0,4.12780797052548
3,0.81882813653178,1,1,-6.1008573154393
2,0.388365162819368,1,0,-6.5536323027314
1,-0.445935027212156,1,1,-1.84779206139361
2,0.23111493441816,1,1,1.71301431637089
3,0.647513357977592,2,0,-3.17376455269396
2,0.356283344862047,0,1,3.16984562457902
1,-0.658010207949479,1,1,-11.01735412602
3,0.855202205064192,1,0,-14.3095845286738
3,1.15293622555862,0,0,18.9201063250808
2,0.276274556543337,2,0,3.97877113060311
3,0.144104662462187,1,1,-3.97028133394579
2,-0.075625080779838,1,1,-2.79957848490363
3,2.16141584630279,2,0,7.8511853104356
2,0.276315532135793,1,0,-2.10320814229356
3,-0.158294028699944,2,0,1.92114963876683
1,-2.50791780219725,2,0,-2.64725626098451
1,-1.56528176503053,1,1,-5.01391057936759
2,-0.0776732006105648,1,1,6.02189813520256
1,0.206294044843098,2,0,1.41494558350148
2,0.276872458861614,2,0,13.0181266697034
1,0.821506780448618,0,1,-11.2539685767474
1,-0.194152409320457,0,0,-1.35307406049395
3,1.21458879448256,2,0,-2.08988948819788
2,-0.921516042869578,1,1,-10.7486233391367
1,-1.20844272044307,1,0,9.97858726258268
3,-1.22898617755381,1,1,-1.07399749074144
2,0.742297024186518,1,1,-13.8555799043147
2,-0.082919942339226,1,0,-5.9214062739422
3,0.789817921820499,2,1,-11.0533356064609
2,-0.267706421557085,0,1,10.3908851261442
2,-0.591892102212813,1,1,25.4290445686211
1,-0.368352575126506,2,0,-6.73715819136411
1,-1.85261682424173,0,1,-0.922300081017977
2,-1.16961526041411,1,1,2.79735034290658
1,-1.44203464635845,1,0,27.0895941900681
3,1.05432227197535,1,1,-23.2900346367574
3,-0.5973300913628,1,0,-5.13955735696316
1,0.78945985279018,1,1,-12.0279475722774
3,1.51649060169196,2,0,-2.27624806236914
2,-0.191774809109942,1,0,-2.75899217586007
3,0.283878906352351,1,1,-7.29808806024931
2,-1.75106751939608,2,0,18.3415571752355
1,-0.818669777519803,1,0,2.57065337064977
3,0.0562148493828386,1,1,23.9358537418796
2,0.299086903336152,2,1,8.23616626218353
3,-0.759398117298882,1,0,-12.6531215025604
3,2.6848589992268,1,0,-7.53491215068184
1,-0.458390139092389,2,1,2.73038419162952
1,0.0642435566300379,1,0,-5.77898941085042
3,0.649791867153518,1,0,3.5428968907761
2,-0.0260186347739953,1,1,7.32572641958218
3,-0.643567387027114,1,1,4.21122276651071
2,1.04530566396331,1,0,-1.3461283417085
2,1.6155453232072,1,0,-6.43538933862576
2,-0.0296939710498354,0,1,-12.8932068916416
3,0.562267345403066,2,1,3.40894898598314
1,-0.0974124985026302,1,0,9.22335674092897
1,1.01645521770216,1,1,-0.796694097451784
1,-1.15616739425985,0,0,7.5361765272448
3,2.32086022399448,2,1,22.27529683524
1,-0.603531247788338,1,0,19.3382128195771
1,-1.45884941443809,1,1,-4.94905476776135
1,-0.35091782719307,2,0,5.46711841395066
2,0.146708484145002,1,0,-7.02210637746134
3,1.62362120768023,1,1,6.8981342390161
3,0.91120967677132,2,0,-0.583631400767486
2,0.142458432045787,0,1,2.77587578066646
2,-1.38948352398816,0,1,-8.59014614409201
2,-0.866037744672114,1,1,12.0537791583264
1,-0.163284932229294,1,1,-0.841799664768694
2,2.55302611346059,2,1,-4.45919957955063
1,-1.86022757421841,1,0,-0.766213726151868
3,1.13105465184602,2,1,0.763983799958751
1,-0.527234257233921,0,1,16.3686401169385
3,1.66599089998742,1,1,-11.1072398833375
1,-1.1392006399734,1,0,24.5899120349098
3,0.143623234662747,0,1,-7.73312386463012
1,-1.09955094170275,0,0,1.74643374960065
1,0.903516426361675,0,0,-20.5814136474925
3,1.48377948873809,1,1,-6.54460530329722
3,1.95072100640115,2,0,7.31773364128733
2,0.797600657589519,1,0,5.0523305857902
3,1.84326625457782,1,1,4.10572221752549
2,1.24642390866165,0,0,-4.66765303532686
2,-0.131874911824015,2,1,-18.4357246605783
2,0.4770372382847,1,1,-10.7282462705942
1,-0.971994211475933,1,0,-2.29828765324043
1,-0.185202169400994,2,0,6.216371749907
3,1.22096370834882,1,1,8.37445481389698
3,0.54128414348235,1,1,-3.02888049153909
2,0.45735733162533,2,0,-1.51552534412389
2,-1.03813103968721,1,0,-1.62851522523741
2,-0.604513230334117,0,0,0.578455329557257
2,-0.764606013753569,1,1,15.3714488558615
2,0.395295870013499,2,0,-7.26712528090392
2,-0.990507630466559,0,1,-2.04762719552353
2,0.562041390099052,2,0,0.78726292442996
1,-1.11641641193354,0,0,-13.3826589318506
1,1.82853045813536,0,0,-9.21029235202948
3,0.460591349478104,0,0,2.00261948609106
3,-0.70100361225327,1,1,4.27069127739095
2,0.241045932501223,1,0,11.4009020938031
2,-0.352453199227956,1,0,-4.65705956438507
2,0.371147959759657,1,1,14.5390062123435
1,0.2435327187603,0,0,-8.64556217319535
3,-1.01411417266147,2,1,-15.9628307950226
1,-0.79131387881947,1,0,-19.4601344555199
3,0.299593684739564,1,1,11.0405027494058
3,1.63905190875156,1,0,3.04872111305456
3,1.08461700867092,2,0,-1.30421889948526
1,-0.624567473618094,1,0,-2.93613387011894
3,0.825922901647494,2,0,15.8625545540677
1,-0.0485683527562885,1,1,12.0114550405925
3,0.301313651718405,1,1,-10.0373971119925
2,0.260361490736558,1,1,-13.9101698281623
2,2.57544976372339,1,0,10.8529588092986
2,-1.18528881058722,1,1,5.60611806017342
3,0.100919859012857,2,1,-5.10980985089714
1,-1.77997728796762,1,0,3.96451965571097
3,0.589835922958758,2,1,-20.2323110391136
3,1.0966084717214,1,1,-6.65141472933446
3,1.44566224110115,2,0,4.35007205526097
2,-1.92514525183712,1,0,-0.729116390239619
3,0.41276949719403,1,1,-12.8188764411533
3,1.59336995138365,1,1,10.1526613067697
1,-0.414015863042303,0,0,11.6305933920202
2,-0.212150532081949,1,1,-9.40039838457001
3,-0.0365372222047413,2,1,-1.85466629123019
1,0.365018751433036,0,0,7.30613939460249
1,0.665159875745969,1,0,8.63724842718663
1,1.31782088371148,0,0,-5.28747614634865
3,-0.0954875904449924,1,1,-8.78539839568099
3,0.196278045472469,2,1,3.45075406845387
1,2.48799787722146,1,0,-19.1601821802967
3,0.431098928114991,1,1,-9.50077589348363
3,0.188753109329833,1,1,7.73587127057442
2,-1.34224312528345,0,1,-17.037984055143
2,0.00285604762222659,1,1,-12.0077712678264
1,-0.221326153166881,0,0,-2.40785063614367
2,-0.0110458298093738,2,0,-3.02073501137212
1,-0.575417641271167,1,1,-17.5404475768728
2,-0.686815652442701,1,0,5.0937884189092
1,-0.720773631820122,1,0,-10.2145633708376
1,-0.214504515399774,0,1,-1.58058937403218
1,1.36813264802863,1,1,-1.96572207000955
3,1.04908662655933,1,1,6.96628740831187
2,-0.359975117943056,2,0,-0.659814597136106
1,-1.68591645453874,0,0,-1.3434798554826
1,-0.844583428535954,0,0,16.5474084400222
1,-0.457760533240508,0,0,3.71894882020314
1,0.103638004228304,2,1,6.23540462610103
3,-0.662607275700815,1,1,4.74898626830697
3,2.00668069083189,1,1,5.71634626645242
1,-0.272267534418351,0,0,13.3573646703799
1,-1.21394447023951,1,0,-0.571041609665933
2,-0.141261757282513,0,1,2.42843946422432
2,-1.00537758159341,1,1,19.6963413281427
3,0.156155707275326,2,1,-5.30038313429479
1,0.233633614089869,0,0,12.9100897953624
1,0.355587611628384,1,0,-6.07078196072321
1,-1.62185825912421,2,0,17.1013967532023
1,0.220711290970649,0,0,-6.66247379760654
1,0.310450080541646,2,0,-8.14372276715255
3,-1.42110844750449,1,1,10.3640262444953
1,0.955365639730411,0,0,9.64931532612911
1,0.784170879094338,2,1,5.51710837460081
3,2.29961936115445,0,1,2.73188529340283
2,0.156702987375728,1,1,2.41859803341899
2,0.0467335275180007,1,1,20.5476070604651
1,0.0965858340824363,1,0,-14.3253449521809
1,0.0697662309003006,0,0,-9.86336317053269
2,-1.84847277533767,2,0,-12.7914012290609
1,-1.67112705864224,0,0,9.60755490376344
1,-0.0775389667912034,0,1,-2.45641935333867
1,-0.581067380566498,1,0,-1.30008455896796
3,0.0547365250574253,2,0,17.8330681833913
1,-2.11120837326053,1,1,-5.79026452784536
1,-1.49869825452676,1,1,20.2279460124328
1,-1.10148343893874,0,1,-14.0944081364363
3,0.986058221060247,1,1,13.1783561304849
2,-1.09849000709012,1,1,3.23121002574827
3,-0.799513953576531,2,0,-3.88600519991625
3,0.0798738186740527,0,1,-1.72836903387074
3,-0.322746361825109,2,1,13.3897466777892
2,0.146417178667962,0,1,17.0380587237689
2,2.30506198204569,2,0,-16.7846782105134
2,-1.12460367125824,0,1,34.2109460835705
1,-0.305469639909805,0,1,25.7794265437777
1,-0.516759449743733,0,0,-5.2532183465562
3,1.51239542683245,0,1,-0.643819052069338
1,-0.769484922890278,2,1,-6.63547355536672
3,-0.0820869037757183,2,0,-0.930010885901879
3,0.787133614322708,1,0,7.39859438245835
1,-1.0585905359484,0,0,1.03362814930562
2,1.65517581574201,1,0,1.92006998204335
2,0.675762415474246,1,1,14.7880760269639
1,-1.07420660953035,1,0,-22.0386847858085
3,0.454577809057738,2,1,-4.91443047401821
3,-0.213307143233068,1,1,1.44417271262889
2,0.313228771994335,2,1,-7.83100637317684
1,-0.0899751970156634,0,0,10.6096624028704
2,1.07051603677834,2,1,-4.45505642122027
1,-1.35110038570333,0,1,-4.29180153772765
3,-0.522616697195916,1,0,11.8901180052985
2,-0.249190677755399,1,0,8.34294073061504
